Xavier Institute of Engineering,MUMBAI ,Maharashtra,022-26871910,office@xaviertech.com,-
XAVIER INSTITUTE OF MANAGEMENT & ENTERPRENEURSHIP,BANGALORE ,Karnataka,080-28528477/28528597/28520809080-28528733,xime@xime.org,www.xime.org
XAVIER INSTITUTE OF MANAGEMENT & RESEARCH, ,Maharashtra,022-56221909,ximr@vsnl.com,www.nmr.com
Xavier Institute of Management and Entrepreneurship, ,Kerala,080-28528597/98.,xime@xime.org,http://www.xime.org
Xavier Institute of Social Service, ,Jharkhand,0651-2200873,-,http://www.xiss.ac.in/
"XAVIER LABOUR RELATIONS INSTITUTE, JAMSHEDPUR",JAMSHEDPUR ,Jharkhand,91-657-3983333,admis@xlri.ac.in,www.xlri.ac.in
Xt Xaviers College Education, ,Bihar,-,-,-
