Z A Islamic College, ,Bihar,-,-,-
Zagdu Singh Charitable Trust Thakur Polytechnic, ,Maharashtra,28542481,tpoly@thakureducation.org,www.tpolymumbai.in
ZAINAB MEMORIAL B.ED, ,Kerala,-,-,-
ZAKIR HUSAAIN M.M. SHIKSHAK PRASHIKSHAN MAHAVIDAYALAYA, ,Rajasthan,-,-,-
Zakir Husain College,DELHI ,Delhi,"23233420,23232218",principal@zakirhusaincollege.in,www.zakirhusaincollege.in
Zakir Husain College (Evening),DELHI ,Delhi,23231899,zhpge.college@gmail.com,zhe.du.ac.in
Zakir Husain College of Engineering & Technology.,ALIGARH ,Uttar Pradesh,0571-2700042,Principal@zhc@yahoo.com,-
ZAKIR HUSSAIN M.M. SHIKSHAK PRASHIKSHAN MAHAVIDYALAYA, ,Rajasthan,-,-,-
Zamorins Guruvayurappan College,KOZHIKODE ,Kerala,"0495-2331046(O),049522742473(R)",zgccal@yahoo.co.in,-
"Zeera School Of Nursing , Firozpur",FIROZPUR ,Punjab,-,-,-
Zenith Institute of Science & Technology, ,Orissa,"8908018080,8908018083",zistorissa@gmail.com,www.zist.ac.in
ZULEKHA COLLEGE, ,Maharashtra,-,-,-
"Zulekha Nursing College,Mangalore",MANGALORE ,Karnataka,"0824-4252471,0824-2438855,0824-4272471",info@zulekanursingcollege.org,www.zulekhanursingcollege.org
Zunheboto College, ,Nagaland,-,-,-
